{
  "localService/metadata.xml": 1593125010000,
  "test/integration/NavigationJourney.js": 1593125010000,
  "test/unit/controller/App.controller.js": 1593125010000,
  "test/integration/pages/App.js": 1593125010000,
  "test/integration/arrangements/Startup.js": 1593125010000,
  "test/unit/unitTests.qunit.js": 1593125010000,
  "test/unit/AllTests.js": 1593125010000,
  "test/integration/opaTests.qunit.js": 1593125010000,
  "manifest.json": 1593135829154,
  "test/integration/AllJourneys.js": 1593125010000,
  "test/testsuite.qunit.js": 1593125010000,
  "model/models.js": 1593125010000,
  "controller/App.controller.js": 1593125010000,
  "serviceBinding.js": 1593125010000,
  "Component.js": 1593125010000,
  "manifest-bundle.zip": 1593135828709,
  "Component-preload.js": 1593135828908,
  "serviceBinding-dbg.js": 1593125010000,
  "test/integration/pages/App-dbg.js": 1593125010000,
  "test/integration/arrangements/Startup-dbg.js": 1593125010000,
  "test/unit/unitTests.qunit-dbg.js": 1593125010000,
  "test/unit/AllTests-dbg.js": 1593125010000,
  "test/integration/opaTests.qunit-dbg.js": 1593125010000,
  "test/integration/NavigationJourney-dbg.js": 1593125010000,
  "test/integration/AllJourneys-dbg.js": 1593125010000,
  "test/testsuite.qunit-dbg.js": 1593125010000,
  "model/models-dbg.js": 1593125010000,
  "controller/App-dbg.controller.js": 1593125010000,
  "test/unit/controller/App-dbg.controller.js": 1593125010000,
  "Component-dbg.js": 1593125010000,
  "neo-app.json": 1593135829125,
  "di.code-validation.core_issues.json": 1593135832369,
  "resources.json": 1593135832398,
  "test/unit/unitTests.qunit.html": 1593125010000,
  "test/integration/opaTests.qunit.html": 1593125010000,
  "localService/FIORI_MONITOR_SRV/metadata.xml": 1593125010000,
  "view/App.view.xml": 1593125010000,
  "test/testsuite.qunit.html": 1593125010000,
  "i18n/i18n.properties": 1593125010000,
  "css/style.css": 1593125010000,
  "index.html": 1593125010000,
  "extended_runnable_file.html": 1593125010000
}